{"validation": {"Bleu_1": 0.27188899031221453, "Bleu_2": 0.15394633095063426, "Bleu_3": 0.0887171511730056, "Bleu_4": 0.057526858191450904, "ROUGE_L": 0.22070260935154704, "BERTScore": 0.88467293188547, "MoverScore": 0.5862463643323317, "QAAlignedF1Score (BERTScore)": 0.9113080402464572, "QAAlignedRecall (BERTScore)": 0.910911190371628, "QAAlignedPrecision (BERTScore)": 0.9117955667666582, "QAAlignedF1Score (MoverScore)": 0.6075107944793325, "QAAlignedRecall (MoverScore)": 0.602647483637181, "QAAlignedPrecision (MoverScore)": 0.6128242472454991}, "test": {"Bleu_1": 0.27428226249414656, "Bleu_2": 0.15536288295867484, "Bleu_3": 0.09026061042055188, "Bleu_4": 0.05881720785248984, "ROUGE_L": 0.21977311993741697, "BERTScore": 0.8836566645924638, "MoverScore": 0.5845108396508539, "QAAlignedF1Score (BERTScore)": 0.9099374704025706, "QAAlignedRecall (BERTScore)": 0.9097469266839355, "QAAlignedPrecision (BERTScore)": 0.9102275506959975, "QAAlignedF1Score (MoverScore)": 0.6051310522650616, "QAAlignedRecall (MoverScore)": 0.6003552342514026, "QAAlignedPrecision (MoverScore)": 0.6103625725527633}}