{"validation": {"Bleu_1": 0.2550124797158202, "Bleu_2": 0.14301787564262014, "Bleu_3": 0.08235111978066269, "Bleu_4": 0.053557251738419465, "ROUGE_L": 0.21581487393065169, "BERTScore": 0.8813490201994932, "MoverScore": 0.5817093476494245, "QAAlignedF1Score (BERTScore)": 0.9095011784061542, "QAAlignedRecall (BERTScore)": 0.9083693555616928, "QAAlignedPrecision (BERTScore)": 0.9107428422476773, "QAAlignedF1Score (MoverScore)": 0.604457595031268, "QAAlignedRecall (MoverScore)": 0.5978868084715238, "QAAlignedPrecision (MoverScore)": 0.6116139060182565}, "test": {"Bleu_1": 0.26003022760546457, "Bleu_2": 0.14403497419540306, "Bleu_3": 0.08159329183025144, "Bleu_4": 0.05206638291275267, "ROUGE_L": 0.21601810937810267, "BERTScore": 0.880224625719549, "MoverScore": 0.5805430297973792, "QAAlignedF1Score (BERTScore)": 0.9077410083160471, "QAAlignedRecall (BERTScore)": 0.906811032286498, "QAAlignedPrecision (BERTScore)": 0.9087790831577348, "QAAlignedF1Score (MoverScore)": 0.6015658703190203, "QAAlignedRecall (MoverScore)": 0.595634928318898, "QAAlignedPrecision (MoverScore)": 0.6080802484003069}}