{"validation": {"Bleu_1": 0.25575786398532074, "Bleu_2": 0.14363499410565084, "Bleu_3": 0.08212749368130898, "Bleu_4": 0.05410256254232224, "ROUGE_L": 0.22100297926456708, "BERTScore": 0.8739213307975476, "MoverScore": 0.5716907377789641, "QAAlignedF1Score (BERTScore)": 0.9103663173755608, "QAAlignedRecall (BERTScore)": 0.9041517926915064, "QAAlignedPrecision (BERTScore)": 0.9168836766723201, "QAAlignedF1Score (MoverScore)": 0.6047933584079074, "QAAlignedRecall (MoverScore)": 0.5895224157820574, "QAAlignedPrecision (MoverScore)": 0.6219439339384467}, "test": {"Bleu_1": 0.2507252175652654, "Bleu_2": 0.13948483890035168, "Bleu_3": 0.07875329070582515, "Bleu_4": 0.05111107477883621, "ROUGE_L": 0.2191432730840598, "BERTScore": 0.8717687869321179, "MoverScore": 0.5704763167648508, "QAAlignedF1Score (BERTScore)": 0.9077914673632873, "QAAlignedRecall (BERTScore)": 0.9020800264270686, "QAAlignedPrecision (BERTScore)": 0.9137604106369058, "QAAlignedF1Score (MoverScore)": 0.6028737971084439, "QAAlignedRecall (MoverScore)": 0.5887764674887841, "QAAlignedPrecision (MoverScore)": 0.6187432737446675}}