{"validation": {"Bleu_1": 0.24223396178665949, "Bleu_2": 0.1355058557544001, "Bleu_3": 0.07589659262353585, "Bleu_4": 0.04944739287136915, "ROUGE_L": 0.22180823893067633, "BERTScore": 0.8720103454506771, "MoverScore": 0.5708370824359981, "QAAlignedF1Score (BERTScore)": 0.9113788270899398, "QAAlignedRecall (BERTScore)": 0.9048384797416795, "QAAlignedPrecision (BERTScore)": 0.9182296240858341, "QAAlignedF1Score (MoverScore)": 0.6059907222532184, "QAAlignedRecall (MoverScore)": 0.589756566953171, "QAAlignedPrecision (MoverScore)": 0.6243067410663629}, "test": {"Bleu_1": 0.22894204595568318, "Bleu_2": 0.12601034435510547, "Bleu_3": 0.06950011839946535, "Bleu_4": 0.044499672352735414, "ROUGE_L": 0.2168969150916544, "BERTScore": 0.868544902639522, "MoverScore": 0.5682387342702749, "QAAlignedF1Score (BERTScore)": 0.9080577545942442, "QAAlignedRecall (BERTScore)": 0.9019643981907545, "QAAlignedPrecision (BERTScore)": 0.9144033363093601, "QAAlignedF1Score (MoverScore)": 0.6025734453426795, "QAAlignedRecall (MoverScore)": 0.587810046462736, "QAAlignedPrecision (MoverScore)": 0.6191207771506624}}