{"validation": {"Bleu_1": 0.24223396178665949, "Bleu_2": 0.1355058557544001, "Bleu_3": 0.07589659262353585, "Bleu_4": 0.04944739287136915, "ROUGE_L": 0.22180823893067633, "BERTScore": 0.872010343477701, "MoverScore": 0.5708370824359981, "QAAlignedF1Score (BERTScore)": 0.9113788267685395, "QAAlignedRecall (BERTScore)": 0.9048384806899852, "QAAlignedPrecision (BERTScore)": 0.9182296224384734, "QAAlignedF1Score (MoverScore)": 0.6059907216974516, "QAAlignedRecall (MoverScore)": 0.5897565663419078, "QAAlignedPrecision (MoverScore)": 0.6243067410065392}, "test": {"Bleu_1": 0.22894204595568318, "Bleu_2": 0.12601034435510547, "Bleu_3": 0.06950011839946535, "Bleu_4": 0.044499672352735414, "ROUGE_L": 0.2168969150916544, "BERTScore": 0.86854489993966, "MoverScore": 0.5682387342702749, "QAAlignedF1Score (BERTScore)": 0.9080577548351221, "QAAlignedRecall (BERTScore)": 0.9019643967202796, "QAAlignedPrecision (BERTScore)": 0.9144033383026098, "QAAlignedF1Score (MoverScore)": 0.6025734950939781, "QAAlignedRecall (MoverScore)": 0.5878100786369653, "QAAlignedPrecision (MoverScore)": 0.6191208516827791}}