{"validation": {"Bleu_1": 0.22353917815800053, "Bleu_2": 0.12416943765701421, "Bleu_3": 0.06941100534608435, "Bleu_4": 0.04512232160525905, "ROUGE_L": 0.21116661451840607, "BERTScore": 0.8672818970389482, "MoverScore": 0.5681447781064881, "QAAlignedF1Score (BERTScore)": 0.9071696872482696, "QAAlignedRecall (BERTScore)": 0.9016329266351305, "QAAlignedPrecision (BERTScore)": 0.9129657744243018, "QAAlignedF1Score (MoverScore)": 0.6001225743094486, "QAAlignedRecall (MoverScore)": 0.5860149041186249, "QAAlignedPrecision (MoverScore)": 0.6159418083067832}, "test": {"Bleu_1": 0.22322156158512324, "Bleu_2": 0.12386274664337357, "Bleu_3": 0.0695346773883477, "Bleu_4": 0.044722638625753444, "ROUGE_L": 0.21353923707400901, "BERTScore": 0.867150191957527, "MoverScore": 0.5689805478418662, "QAAlignedF1Score (BERTScore)": 0.9025587429636809, "QAAlignedRecall (BERTScore)": 0.8973249033914376, "QAAlignedPrecision (BERTScore)": 0.9080341152813437, "QAAlignedF1Score (MoverScore)": 0.5978150349414277, "QAAlignedRecall (MoverScore)": 0.5847987632586884, "QAAlignedPrecision (MoverScore)": 0.6123225106915563}}