{"validation": {"Bleu_1": 0.2878117091529015, "Bleu_2": 0.16434154661520098, "Bleu_3": 0.09630283316907147, "Bleu_4": 0.06346004539258801, "ROUGE_L": 0.22500757166729227, "BERTScore": 0.8858789880516638, "MoverScore": 0.589672108759249, "QAAlignedF1Score (BERTScore)": 0.9118403843457604, "QAAlignedRecall (BERTScore)": 0.9123363518886266, "QAAlignedPrecision (BERTScore)": 0.9114131964024906, "QAAlignedF1Score (MoverScore)": 0.6085519065868394, "QAAlignedRecall (MoverScore)": 0.6057803838376112, "QAAlignedPrecision (MoverScore)": 0.6116716835272956}, "test": {"Bleu_1": 0.2895967385191568, "Bleu_2": 0.1640696132017565, "Bleu_3": 0.09516710546131309, "Bleu_4": 0.06171387458659997, "ROUGE_L": 0.22095360740473924, "BERTScore": 0.8832996688030322, "MoverScore": 0.5868209268123842, "QAAlignedF1Score (BERTScore)": 0.9114239622127318, "QAAlignedRecall (BERTScore)": 0.9129503619404375, "QAAlignedPrecision (BERTScore)": 0.9099992266503867, "QAAlignedF1Score (MoverScore)": 0.6072263010505321, "QAAlignedRecall (MoverScore)": 0.6053064454100069, "QAAlignedPrecision (MoverScore)": 0.6095378988400852}}