{"validation": {"Bleu_1": 0.2878117091529015, "Bleu_2": 0.16434154661520098, "Bleu_3": 0.09630283316907147, "Bleu_4": 0.06346004539258801, "ROUGE_L": 0.22500757166729227, "BERTScore": 0.8858789879478228, "MoverScore": 0.589672108759249, "QAAlignedF1Score (BERTScore)": 0.9118403849786497, "QAAlignedRecall (BERTScore)": 0.9123363528652484, "QAAlignedPrecision (BERTScore)": 0.9114131966880529, "QAAlignedF1Score (MoverScore)": 0.6085518948062673, "QAAlignedRecall (MoverScore)": 0.6057803770698073, "QAAlignedPrecision (MoverScore)": 0.611671666493555}, "test": {"Bleu_1": 0.2895520899724832, "Bleu_2": 0.16405511766803327, "Bleu_3": 0.095161025204848, "Bleu_4": 0.06171080552862335, "ROUGE_L": 0.22096887371529747, "BERTScore": 0.8833184926559701, "MoverScore": 0.5868322997959878, "QAAlignedF1Score (BERTScore)": 0.9114252219725489, "QAAlignedRecall (BERTScore)": 0.9129503629472143, "QAAlignedPrecision (BERTScore)": 0.9100016865044245, "QAAlignedF1Score (MoverScore)": 0.6072272990164395, "QAAlignedRecall (MoverScore)": 0.6053065111246365, "QAAlignedPrecision (MoverScore)": 0.6095397963023094}}