{"validation": {"Bleu_1": 0.16311791656619046, "Bleu_2": 0.09046008709134094, "Bleu_3": 0.049235823516480294, "Bleu_4": 0.03176736117417117, "ROUGE_L": 0.1942124767206648, "BERTScore": 0.8537403534098369, "MoverScore": 0.5555301972497909, "QAAlignedF1Score (BERTScore)": 0.8822013183113864, "QAAlignedRecall (BERTScore)": 0.873303385196202, "QAAlignedPrecision (BERTScore)": 0.8915149577971969, "QAAlignedF1Score (MoverScore)": 0.5821086721095844, "QAAlignedRecall (MoverScore)": 0.5629541981957342, "QAAlignedPrecision (MoverScore)": 0.6042140938260395}, "test": {"Bleu_1": 0.16231687202871636, "Bleu_2": 0.08932449176371555, "Bleu_3": 0.04808532765452977, "Bleu_4": 0.030187326027319727, "ROUGE_L": 0.19214383797182247, "BERTScore": 0.8521093290026595, "MoverScore": 0.5546020226847351, "QAAlignedF1Score (BERTScore)": 0.8700510024904611, "QAAlignedRecall (BERTScore)": 0.8611694042222775, "QAAlignedPrecision (BERTScore)": 0.8793336404206563, "QAAlignedF1Score (MoverScore)": 0.5730502942698181, "QAAlignedRecall (MoverScore)": 0.5541174363580378, "QAAlignedPrecision (MoverScore)": 0.5948806093868161}}