{"validation": {"Bleu_1": 0.15702426818127532, "Bleu_2": 0.08949673140047287, "Bleu_3": 0.05081984253888556, "Bleu_4": 0.03349692010094845, "ROUGE_L": 0.2028268370730508, "BERTScore": 0.8493850409776907, "MoverScore": 0.5637833510162257, "QAAlignedF1Score (BERTScore)": 0.9090124380791801, "QAAlignedRecall (BERTScore)": 0.9040745805873243, "QAAlignedPrecision (BERTScore)": 0.9142681070116017, "QAAlignedF1Score (MoverScore)": 0.6067985125195805, "QAAlignedRecall (MoverScore)": 0.5929298997881495, "QAAlignedPrecision (MoverScore)": 0.6228380521325108}, "test": {"Bleu_1": 0.1533027226689547, "Bleu_2": 0.08643644704818675, "Bleu_3": 0.04860676852739581, "Bleu_4": 0.031812096301029304, "ROUGE_L": 0.1987012096873797, "BERTScore": 0.8460993308846544, "MoverScore": 0.5615504338878714, "QAAlignedF1Score (BERTScore)": 0.9062272046434793, "QAAlignedRecall (BERTScore)": 0.9021054647567227, "QAAlignedPrecision (BERTScore)": 0.9106364899940723, "QAAlignedF1Score (MoverScore)": 0.6045210960843732, "QAAlignedRecall (MoverScore)": 0.591864138057281, "QAAlignedPrecision (MoverScore)": 0.6191512428730326}}