{"validation": {"Bleu_1": 0.2878117091529015, "Bleu_2": 0.16434154661520098, "Bleu_3": 0.09630283316907147, "Bleu_4": 0.06346004539258801, "METEOR": 0.20755028513281062, "ROUGE_L": 0.22500757166729227, "BERTScore": 0.8858789857671652, "MoverScore": 0.5896721087116533, "QAAlignedF1Score (BERTScore)": 0.9118403874398574, "QAAlignedRecall (BERTScore)": 0.912336356319153, "QAAlignedPrecision (BERTScore)": 0.9114131981591315, "QAAlignedF1Score (MoverScore)": 0.6085518782718304, "QAAlignedRecall (MoverScore)": 0.605780363813709, "QAAlignedPrecision (MoverScore)": 0.6116716468686915}, "test": {"Bleu_1": 0.2895520899724832, "Bleu_2": 0.16405511766803327, "Bleu_3": 0.095161025204848, "Bleu_4": 0.06171080552862335, "METEOR": 0.20524628500568934, "ROUGE_L": 0.22096887371529747, "BERTScore": 0.8833184898522672, "MoverScore": 0.5868322999121129, "QAAlignedF1Score (BERTScore)": 0.9114252194973753, "QAAlignedRecall (BERTScore)": 0.912950359905165, "QAAlignedPrecision (BERTScore)": 0.9100016845949067, "QAAlignedF1Score (MoverScore)": 0.6072272936817591, "QAAlignedRecall (MoverScore)": 0.6053065126931039, "QAAlignedPrecision (MoverScore)": 0.6095397829663656}}